Nom,Format,Code 39,Prix vente entreprise (Caisse),
MONSTER VERT,12x473ml,0199604,27.875,22.3
MONSTER VERT S. SUCRE,12x473ml,0199596,27.875,22.3
ASSAULT (ROUGE),12x473ml,0199612,27.875,22.3
MONSTER LOW CAL (BLEU),12x473ml,0199588,27.875,22.3
ULTRA ZÉRO (BLANC),12x473ml,0199307,27.875,22.3
ULTRA BLUE,12x473ml,0199356,27.875,22.3
ULTRA RED,12x473ml,0199398,27.875,22.3
ULTRA SUNRISE (ORANGE),12x473ml,0199729,27.875,22.3
ULTRA VIOLET,12x473ml,0199406,27.875,22.3
PACIFIC PUNCH,12x473ml,0199190,27.875,22.3
MANGO LOCO PUNCH,12x473ml,0199711,27.875,22.3
PIPELINE,12x473ml,0199646,27.875,22.3
ULTRA PARADISE,12x473ml,0199349,27.875,22.3
ULTRA ROSA,12x473ml,0199372,27.875,22.3
ULTRA FIESTA,12x473ml,0199323,27.875,22.3
PAPILLON PUNCH,12x473ml,0199653,27.875,22.3
KHAOTIC PUNCH,12x473ml,0199661,27.875,22.3
ULTRA MELON D'EAU,12x473ml,0199380,27.875,22.3
ULTRA GOLD,12x473ml,0199315,27.875,22.3
BOISSON RESERVE ANANAS BLANC          ,12x473ml,0199901,27.875,22.3
BOISSON RESERVE MELON D'EAU           ,12x473ml,0199927,27.875,22.3
MONSTER BOISSON LIMONADE PUNCH,12x473ml,0199570,27.875,22.3
ULTRA PECHE,12x473ml,0199281,27.875,22.3
NOS ENERGIE ORIGINAL,12x473ml,0200105,27.875,22.3
NOS TURBO ZERO SUCRE,12x473ml,0200154,27.875,22.3
JAVA LOCA MOCA ,12x444ml,0199497,27.875,22.3
JAVA MEAN BEAN ,12x444ml,0199505,27.875,22.3
JAVA MEAN CARAMEL ,12x444ml,0199521,27.875,22.3
JAVA 300 VANILLE FRANCAISE,12x444ml,0199547,27.875,22.3
JAVA 300 MOCA,12x444ml,0199562,27.875,22.3
NOS ,12x710ml,0200196,33.85,27.08
MONSTER VERT ,12x710ml,0199430,33.85,27.08
MONSTER ULTRA ZERO,12x710ml,0199414,33.85,27.08
MONSTER VERT 4X6,6x4x473ml,0199455,55.76,46.23
MONSTER VERT S. SUCRE 4X6,6x4x473ml,0199463,55.76,46.23
MONSTER ULTR.ZERO(BLANC),6x4x473ml,0199448,55.76,46.23
MONSTER PUNCH MANGO 4X6,6x4x473ml,0199208,55.76,46.23
MONSTER ULTRA PARADISE,6x4x473ml,0199216,55.76,46.23
MONSTER ULTRA GOLD,6x4x473ml,0199232,55.76,46.23
REIGN RAZZLEBERRY,6x4x473ml,0201624,55.76,46.23
REIGN REIGNBOW SORBET,6x4x473ml,0201640,55.76,46.23
FRAMBOISE BLEUE,12x473ml,0201426,26.1375,20.91
ORANGE DREAMSICLE                 ,12x473ml,0201509,26.1375,20.91
WHITE GUMMY BEAR,12x473ml,0201525,26.1375,20.91
REIGN REIGNBOW SORBET,12x473ml,0201541,26.1375,20.91
FULL THROTTLE NOIR,12x473ml,0200063,27.875,22.3
REHAB THE LIMONADE,12x458ml,0201707,27.875,22.3
REHAB LIMONADE FRAISE,12x458ml,0201723,27.875,22.3
REHAB THE PECHE,12x458ml,0201749,27.875,22.3
COKE CLASSIQUE,24x500ml,3782612,45.4,38.59
COCA-COLA ZÉRO,24x500ml,3782646,45.4,38.59
COKE DIÈTE,24x500ml,3782638,45.4,38.59
SPRITE,24x500ml,3782661,45.4,38.59
SPRITE ZERO,24x500ml,3782497,45.4,38.59
CANADA DRY,24x500ml,3782588,45.4,38.59
CANADA DRY GINGER ALE ZERO,24x500ml,3782562,45.4,38.59
CANADA DRY GINGER ALE DIET,24x500ml,3782539,45.4,38.59
CANADA DRY GINGER ALE CANNEBERGE,24x500ml,3782570,45.4,38.59
CANADA DRY DIÈTE CANNEBERGE,24x500ml,3782026,45.4,38.59
A & W RACINETTE,24x500ml,3782737,45.4,38.59
COKE CERISE,24x500ml,3782653,45.4,38.59
COKE ZERO CERISE,24x500ml,3782679,45.4,38.59
FRESCA,24x500ml,3782018,45.4,38.59
FANTA ORANGE,24x500ml,3782703,45.4,38.59
FANTA SAVEUR MYSTERE,24x500ml,3782745,45.4,38.59
COKE CLASSIQUE,24x250ml,3780954,26.541,22.56
COCA-COLA ZÉRO,24x250ml,3780988,26.541,22.56
COKE DIÈTE,24x250ml,3780970,26.541,22.56
SPRITE,24x250ml,3781010,26.541,22.56
CANADA DRY,24x250ml,3781036,26.541,22.56
COKE CERISE,24x250ml,3780996,26.541,22.56
COKE CLASSIQUE,12x355ml,3783180,7.4875,5.99
COCA-COLA ZÉRO,12x355ml,3783206,7.4875,5.99
COKE ZÉRO SANS CAFÉINE,12x355ml,3783321,7.4875,5.99
COKE DIÈTE,12x355ml,3783198,7.4875,5.99
SPRITE ,12x355ml,3783370,7.4875,5.99
COKE CERISE,12x355ml,3783222,7.4875,5.99
A & W RACINETTE,12x355ml,3781317,7.4875,5.99
COKE DIETE SANS CAFEINE,12x355ml,3783248,7.4875,5.99
FANTA ORANGE,12x355ml,3781374,7.4875,5.99
SPRITE ZÉRO,12x355ml,3780103,7.4875,5.99
CANADA DRY REG.,12x355ml,3784196,7.4875,5.99
CANADA DRY DIETE,12x355ml,3784246,7.4875,5.99
CANADA DRY CLUB SODA,12x355ml,3784295,7.4875,5.99
CANADA DRY TONIC WATER,12x355ml,3784394,7.4875,5.99
CANADA DRY GINGER ALE ZERO,12x355ml,3784279,7.4875,5.99
FRESCA,12x355ml,3781275,7.4875,5.99
LIME & MELON,12x355ml,3803574,6.25,5
BLEUET & GRENADE,12x355ml,3803566,6.25,5
PÊCHE & MIEL,12x355ml,3803558,6.25,5
ORANGE & PAMPLEMOUSSE,12x355ml,3803582,6.25,5
ANANAS,12x355ml,3803590,6.25,5
FRAMBOISE,12x355ml,3803608,6.25,5
 COKE SAVEUR DU MEXIQUE,6x4x355ml,3780715,50.88235294,43.25
COKE FRAMBOISE                               ,6x4x355ml,3780749,50.88235294,43.25
COKE ERABLE QUEBECOIS,6x4x355ml,3780731,50.88235294,43.25
MELANGE DE BAIES (BLEU),12x710ml,0202374,24.2375,19.39
PUNCH AUX FRUITS (ROUGE),12x710ml,0202440,24.2375,19.39
MELON ET ANANAS (VERT),12x710ml,0202390,24.2375,19.39
ORANGE,12x710ml,0202416,24.2375,19.39
LIMONADE FRAISE (ROSE),12x710ml,0202358,24.2375,19.39
RAISINS (MAUVE),12x710ml,0202457,24.2375,19.39
POW ZERO MELANGE BAIES,12x710ml,0202135,24.2375,19.39
POW ZERO RAISIN,12x710ml,0202143,24.2375,19.39
POW ZERO PUNCH AUX FRUITS,12x710ml,0202150,24.2375,19.39
POW ZERO ORANGE,12x710ml,0202101,24.2375,19.39
POW ZERO FRAMBOISE BLEU,12x710ml,0202127,24.2375,19.39
MELANGE DE BAIES (BLEU),12x946ml,0202499,31.75,25.4
PUNCH AUX FRUITS (ROUGE),12x946ml,0202523,31.75,25.4
ORANGE,12x946ml,0202531,31.75,25.4
DÉLI-CINQ,12x355ml,0202614,25.01176471,21.26
M.M. LIMONADE 100% VIT C,12x355ml,0208207,25.01176471,21.26
M.M. CANNEGERGE POM FRAM 100% VIT C,12x355ml,0086280,25.01176471,21.26
M.M. JUS POMME 100 % VIT C,12x355ml,0143289,25.01176471,21.26
M.M. JUS ORANGE 100 % VIT C,12x355ml,0123638,25.01176471,21.26
NESTEA THÉ CITRON,12x341ml,0202721,8.223529412,6.99
Core Power Chocolat,12x414ml,3071297,48.14117647,40.92
Core Power Vanille,12x414ml,3071305,48.14117647,40.92
Core Power Banane,12x414ml,3071313,48.14117647,40.92
Core Power Fraise-Banane,12x414ml,3071321,48.14117647,40.92
Core Power ELITE Chocolat,12x414ml,3071289,52.55294118,44.67
 591ML,24x591ml,3809027,44.43529412,37.77
 1L,12x1L,3809076,32.47058824,27.6
 1L ALCALINE EAU,12x1L,3809100,32.47058824,27.6
700 ml sport,24x700ml,3809035,55.62352941,47.28
" 12 x 1,5L","12x1,5L",3809084,34.31764706,29.17
COKE CLASSIQUE,8x2L,3780244,22.3875,17.91
COCA-COLA ZÉRO,8x2L,3780301,22.3875,17.91
COKE DIÈTE,8x2L,3780251,22.3875,17.91
SPRITE,8x2L,3780269,22.3875,17.91
SPRITE ZÉRO,8x2L,3780277,22.3875,17.91
CANADA DRY REG.,8x2L,3780335,22.3875,17.91
CANADA DRY GINGER ALE ZERO,8x2L,3780350,22.3875,17.91
CANADA DRY DIETE,8x2L,3780343,22.3875,17.91
FANTA ORANGE,8x2L,3780582,22.3875,17.91
A & W RACINETTE,8x2L,3780509,22.3875,17.91
COKE CLASSIQUE ,12x1L,3780210,26.275,21.02
COKE ZERO,12x1L,3780194,26.275,21.02
COKE DIÈTE,12x1L,3780228,26.275,21.02
SPRITE,12x1L,3780236,26.275,21.02
CANADA DRY,12x1L,3784493,26.275,21.02
PEACE TEA FRAMBOISE,12x695ml,0202861,24.64705882,20.95
PEACE TEA PECHE,12x695ml,0202887,24.64705882,20.95
PEACE TEA THE & LIMONADE,12x695ml,0202895,24.64705882,20.95
PEACE TEA FRUISQUET,12x695ml,0202846,24.64705882,20.95
PEACE TEA THE VERT MANGUE,12x695ml,0202911,24.64705882,20.95
PEACE TEA THE VERT,12x695ml,0202903,24.64705882,20.95
PEACE TEA CERISE COQUINE,12x695ml,0202879,24.64705882,20.95
PEACE TEA FRAISE CITRON,12x695ml,0202853,24.64705882,20.95
THÉ CITRON,12x500ml,0202770,24.85882353,21.13
THÉ ZERO,12x500ml,0202796,24.85882353,21.13
THÉ GLACÉ FRAMBOISE,12x500ml,0202788,24.85882353,21.13
591 ml (24),24x591ml,3803509,29.3125,23.45
ESSENTIEL (orange),12x591ml,3808839,21.67058824,18.42
FOCUS (rose),12x591ml,3808862,21.67058824,18.42
MULTI-V (limonade),12x591ml,3808888,21.67058824,18.42
ENERGY (jaune),12x591ml,3808813,21.67058824,18.42
MEGA-C (rouge),12x591ml,3808961,21.67058824,18.42
XXX (noir),12x591ml,3808938,21.67058824,18.42
ZERO XOXOXO,12x591ml,3808953,21.67058824,18.42
ZERO LIMONADE,12x591ml,3808896,21.67058824,18.42
ZERO ORANGE,12x591ml,3808912,21.67058824,18.42
RECOVER BLEUET FRAISE,12x591ml,3808821,21.67058824,18.42
